imem_rg_pc,rg_written_reg_name,rg_written_reg_value
12297829382473034410,10,951498461803973254038857312966330090921831082
4096,31,9007196100624384
4100,31,9007196100624384
4104,31,9007196100624384
4108,31,9007196100624384
4112,31,9007196100624384
4108,10,9007196100624384
4112,10,9007196100624384
4116,10,9007196100624384
4118,10,9007196100624384
2147483648,5,166153499473114484121983078635667456
2147483652,5,166153499473114484121983078635667456
2147483656,5,166153499473114484121983078635667456
2147483652,5,9007196100624384
2147483656,5,9007196100624384
2147483660,5,9007196100624384
2147483664,5,9007196100624384
2147483668,5,9007196100624384
2147483672,5,9007196100624384
2147483676,2,166173782501688155435097163336515584
2147483680,2,166173702654555621528069432343003136
2147493888,3,166161423527305949841122707929825280
2147493892,1,166153501639509552871398559709134848
2147493896,1,166153501639509552871398559709134848
2147493900,1,166153501639509552871398559709134848
2147493904,1,166153501639509552871398559709134848
2147493908,2,166173700178675542957308882544754688
2147493912,2,166173700178675542957308882544754688
2147493916,8,166173702654555621528069432343003136
2147493920,15,166161242788060214175602572657688576
2147493924,15,166161242788060214175602572657688576
2147493928,15,166161239074240096319461747960315904
2147483680,15,166161239074240096319461747960315904
2147483684,15,166161239074240096319461747960315904
2147483676,8,9007196100624384
2147483680,2,166173702654555621528069432343003136
2147483684,2,166173702654555621528069432343003136
2147495058,2,166173702654555621528069432343003136
2147495060,1,166153501948994562692743628433915904
2147495062,1,166153501948994562692743628433915904
2147495064,1,166153501948994562692743628433915904
2147495068,1,166153501948994562692743628433915904
2147495072,2,166173700178675542957308882544754688
2147495074,2,166173700178675542957308882544754688
2147495076,2,166173700178675542957308882544754688
2147495080,15,9007196100624384
2147495084,8,9007196100624384
2147495088,8,9007196100624384
2147495102,8,9007196100624384
2147495106,18,9007196100624384
2147495110,18,9007196100624384
2147495114,18,9007196100624384
2147495118,18,9007196100624384
2147495122,15,9007196100624384
2147495124,8,9007196100624384
2147495136,18,9007196100624384
2147495138,18,9007196100624384
2147495140,18,9007196100624384
2147495142,18,9007196100624384
2147495144,18,9007196100624384
2147495146,8,9007196100624384
2147483680,8,9007196100624384
2147483684,9,9007196100624384
2147483688,18,9007196100624384
2147483692,2,166173702654555621528069432343003136
2147483696,2,166173702654555621528069432343003136
2147483700,15,166160893688969135698365051104657408
2147483704,15,166160893688969135698365051104657408
2147483708,15,166161010674302848166801029071896576
2147497772,11,9007196100624384
2147497776,1,166153503805904621620814040782602240
2147497780,1,166153503805904621620814040782602240
2147497784,1,166153503805904621620814040782602240
2147497786,1,166153503805904621620814040782602240
2147497788,12,77371252464343463281819648
2147497790,13,79228162514273344789644574720
2147497792,12,154742504919679730463014912
2147497794,2,166173696464855425101168057847382016
2147497796,2,166173696464855425101168057847382016
2147497798,2,166173696464855425101168057847382016
2147497800,2,166173696464855425101168057847382016
2147497802,2,166173696464855425101168057847382016
2147497806,2,166173696464855425101168057847382016
2147497808,2,166173696464855425101168057847382016
2147497810,2,166173696464855425101168057847382016
2147497812,2,166173696464855425101168057847382016
2147497814,20,166160893688969135698365051104657408
2147497818,8,166161010674302848166801029071896576
2147497822,18,9007196100624384
2147497824,19,154742504919679730463014912
2147497826,9,79228162514273344789644574720
2147498054,15,9007196100624384
2147498056,15,9007196100624384
2147498060,15,9007196100624384
2147498062,15,9007196100624384
2147494758,15,9007196100624384
2147494760,1,166154614547604870428265694021812224
2147494762,1,166154614547604870428265694021812224
2147498060,1,166154614547604870428265694021812224
2147494764,15,9007196100624384
2147494766,15,9007196100624384
2147483704,15,9007196100624384
2147494160,15,9007196100624384
2147494162,15,9007196100624384
2147494164,15,9007196100624384
2147494166,15,9007196100624384
2147494168,15,9007196100624384
2147494170,2,166173691513095267959646958250885120
2147494172,2,166173691513095267959646958250885120
2147494174,2,166173691513095267959646958250885120
2147494176,2,166173691513095267959646958250885120
2147494178,2,166173691513095267959646958250885120
2147494180,2,166173691513095267959646958250885120
2147494184,2,166173691513095267959646958250885120
2147494188,2,166173691513095267959646958250885120
2147494190,2,166173691513095267959646958250885120
2147494194,8,166160997056962416027618005181530112
2147494196,14,166154314347145343723549030984187904
2147494200,14,166154311716522760242115946823548928
2147494204,14,166154311716522760242115946823548928
2147494208,15,166160997056962416027618005181530112
2147494210,14,232113757375015997644210176
2147494212,14,232113757375015997644210176
2147494214,14,232113757375015997644210176
2147494216,14,232113757375015997644210176
2147494218,15,309485009830352264825405440
2147494222,18,166160893688969135698365051104657408
2147494226,18,166160893688969135698365051104657408
2147494230,12,618970019651697333550186496
2147494234,11,9007196100624384
2147494238,11,9007196100624384
2147494242,11,9007196100624384
2147494246,11,9007196100624384
2147494250,11,9007196100624384
2147494254,11,9007196100624384
2147487892,11,9007196100624384
2147487894,1,166154319763133015597087733667856384
2147487896,1,166154319763133015597087733667856384
2147487900,1,166154319763133015597087733667856384
2147487904,1,166154319763133015597087733667856384
2147487930,6,1160568786839051203818553344
2147487934,14,166161009745847818702765822897553408
2147487936,14,166161009745847818702765822897553408
2147487940,13,2166395068758422677174091776
2147487942,13,2166395068758422677174091776
2147487946,13,2166395068758422677174091776
2147487950,13,2166395068758422677174091776
2147487974,5,166153831241045012603896751600959488
2147487978,13,166153833407440081353312232674426880
2147487982,13,166153833407440081353312232674426880
2147487986,13,166153833407440081353312232674426880
2147487990,13,166153833407440081353312232674426880
2147487994,13,166153833407440081353312232674426880
2147487998,13,166153833407440081353312232674426880
2147488002,13,166153833407440081353312232674426880
2147488006,13,166153833407440081353312232674426880
2147494250,13,166153833407440081353312232674426880
2147494254,13,166153833407440081353312232674426880
2147494258,13,166153833407440081353312232674426880
2147494262,13,166153833407440081353312232674426880
2147494266,13,166153833407440081353312232674426880
2147494270,9,166161010674302848166801029071896576
2147494274,21,166154628474430312388793786636959744
2147494278,21,166154628474430312388793786636959744
2147494282,21,166154628474430312388793786636959744
2147494286,21,166154628474430312388793786636959744
2147494288,20,166154638223208121761163451467563008
2147494292,20,166154634973615518637040229857361920
2147494296,19,166154638842178141403853588917125120
2147494300,19,166154641318058219974614138715373568
2147494304,15,5070602400912926613182913445888
2147494306,15,5070602400912926613182913445888
2147494308,15,5070602400912926613182913445888
2147494310,15,5070602400912926613182913445888
2147494312,15,5070602400912926613182913445888
2147494314,15,5070602400912926613182913445888
2147494318,15,5071298742185024639587544203264
2147494322,15,5071298742185024639587544203264
2147494326,12,618970019651697333550186496
2147494330,11,9007196100624384
2147494334,11,9007196100624384
2147494338,11,9007196100624384
2147494342,11,9007196100624384
2147494346,11,9007196100624384
2147494350,11,9007196100624384
2147487892,11,9007196100624384
2147487894,10,166161023363188250841948846787919872
2147487896,1,166154327190773251309369383062601728
2147487900,1,166154327190773251309369383062601728
2147487904,1,166154327190773251309369383062601728
2147487930,6,1160568786839051203818553344
2147487934,14,166161023363188250841948846787919872
2147487936,14,166161023363188250841948846787919872
2147487940,14,166161023363188250841948846787919872
2147487942,14,166161023363188250841948846787919872
2147487974,13,541598767196361066368991232
2147487978,5,166153831241045012603896751600959488
2147487982,13,166153833407440081353312232674426880
2147487986,13,166153833407440081353312232674426880
2147487990,13,166153833407440081353312232674426880
2147487994,13,166153833407440081353312232674426880
2147487998,13,166153833407440081353312232674426880
2147488002,13,166153833407440081353312232674426880
2147488006,13,166153833407440081353312232674426880
2147494346,13,166153833407440081353312232674426880
2147494350,13,166153833407440081353312232674426880
2147494354,13,166153833407440081353312232674426880
2147494358,13,166153833407440081353312232674426880
2147494362,13,166153833407440081353312232674426880
2147494366,8,166161024291643280305984052962263040
2147494370,15,10141204801825844219169726267392
2147494372,15,10141204801825844219169726267392
2147494374,15,10141204801825844219169726267392
2147494376,15,10141204801825844219169726267392
2147494380,15,10141204801825844219169726267392
2147494384,15,10141204801825844219169726267392
2147494388,15,10142597484370040271978987782144
2147494392,15,10142597484370040271978987782144
2147494396,15,10142597484370040271978987782144
2147494400,15,10142597484370040271978987782144
2147494404,15,10142597484370040271978987782144
2147494406,15,10142597484370040271978987782144
2147494408,15,10142597484370040271978987782144
2147494412,15,10142597484370040271978987782144
2147494414,10,166161036980528682981131870678286336
2147487892,12,618970019651697333550186496
2147487894,11,9007196100624384
2147487896,1,166154332297275913361563017021489152
2147487930,1,166154332297275913361563017021489152
2147487934,6,1160568786839051203818553344
2147487936,14,166161036980528682981131870678286336
2147487940,14,166161036980528682981131870678286336
2147487942,14,166161036980528682981131870678286336
2147487974,13,541598767196361066368991232
2147487978,5,166153831241045012603896751600959488
2147487982,13,166153833407440081353312232674426880
2147487986,13,166153833407440081353312232674426880
2147487990,13,166153833407440081353312232674426880
2147487994,13,166153833407440081353312232674426880
2147487998,13,166153833407440081353312232674426880
2147488002,13,166153833407440081353312232674426880
2147488006,13,166153833407440081353312232674426880
2147494412,13,166153833407440081353312232674426880
2147494414,13,166153833407440081353312232674426880
2147494418,13,166153833407440081353312232674426880
2147494422,13,166153833407440081353312232674426880
